<?xml version="1.0" encoding="UTF-8" ?>
<!DOCTYPE mapper
        PUBLIC "-//mybatis.org//DTD Mapper 3.0//EN"
        "http://mybatis.org/dtd/mybatis-3-mapper.dtd">
<mapper namespace="com.itheima.mapper.DormitoriesMapper">
    <!--    动态sql-->
    <select id="list" resultType="com.itheima.pojo.Dormitories">
        select * from Dormitories
        <where>
            <if test="dormitoryNo!=null">
                dormitory_no = #{dormitoryNo}
            </if>
            <if test="dormitoryName!=null">
                and dormitory_name = #{dormitoryName}
            </if>

            <if test="administrator!=null">
                and administrator=#{administrator}
            </if>

            <if test="status!=null">
                and status=#{status}
            </if>

        </where>
    </select>

</mapper>