<?xml version="1.0" encoding="UTF-8" ?>
<!DOCTYPE mapper
        PUBLIC "-//mybatis.org//DTD Mapper 3.0//EN"
        "http://mybatis.org/dtd/mybatis-3-mapper.dtd">
<mapper namespace="com.itheima.mapper.StudentsMapper">
    <!--    动态sql-->
    <select id="list" resultType="com.itheima.pojo.Students">
        select * from Students
        <where>
            <if test="dormitoryNo!=null">
                dormitory_no = #{dormitoryNo}
            </if>

            <if test="major!=null">
                and major=#{major}
            </if>

        </where>
    </select>

</mapper>